arm,seed,lead,mask,n_pixels,acc
uncorrected,42,8,all_wlc,3078,0.6591459512710571
uncorrected,42,16,all_wlc,3078,0.5591121315956116
uncorrected,42,24,all_wlc,3078,0.4816698431968689
uncorrected,42,32,all_wlc,3078,0.4186801314353943
uncorrected,42,40,all_wlc,3078,0.3565630316734314
uncorrected,42,8,irrigated,554,0.6285131573677063
uncorrected,42,16,irrigated,554,0.48957616090774536
uncorrected,42,24,irrigated,554,0.3792179822921753
uncorrected,42,32,irrigated,554,0.30834537744522095
uncorrected,42,40,irrigated,554,0.24306140840053558
uncorrected,42,8,rainfed,2164,0.662656307220459
uncorrected,42,16,rainfed,2164,0.5715025663375854
uncorrected,42,24,rainfed,2164,0.5019221901893616
uncorrected,42,32,rainfed,2164,0.4411562383174896
uncorrected,42,40,rainfed,2164,0.38093459606170654
uncorrected,42,8,irr_015_025,193,0.6688289046287537
uncorrected,42,16,irr_015_025,193,0.5511608719825745
uncorrected,42,24,irr_015_025,193,0.4466312825679779
uncorrected,42,32,irr_015_025,193,0.37357908487319946
uncorrected,42,40,irr_015_025,193,0.30146145820617676
uncorrected,42,8,irr_025_050,247,0.6336439847946167
uncorrected,42,16,irr_025_050,247,0.4980003535747528
uncorrected,42,24,irr_025_050,247,0.38246142864227295
uncorrected,42,32,irr_025_050,247,0.315318763256073
uncorrected,42,40,irr_025_050,247,0.2476806789636612
uncorrected,42,8,irr_050_plus,114,0.5199394226074219
uncorrected,42,16,irr_050_plus,114,0.3170028030872345
uncorrected,42,24,irr_050_plus,114,0.20760004222393036
uncorrected,42,32,irr_050_plus,114,0.1357027143239975
uncorrected,42,40,irr_050_plus,114,0.09104499220848083
uncorrected,42,8,reg_Southern_Great_Plains,268,0.6746380925178528
uncorrected,42,16,reg_Southern_Great_Plains,268,0.5668480396270752
uncorrected,42,24,reg_Southern_Great_Plains,268,0.4681929349899292
uncorrected,42,32,reg_Southern_Great_Plains,268,0.39882856607437134
uncorrected,42,40,reg_Southern_Great_Plains,268,0.32044506072998047
uncorrected,42,8,reg_Northern_Great_Plains,243,0.5480840802192688
uncorrected,42,16,reg_Northern_Great_Plains,243,0.3488798141479492
uncorrected,42,24,reg_Northern_Great_Plains,243,0.21232092380523682
uncorrected,42,32,reg_Northern_Great_Plains,243,0.13905903697013855
uncorrected,42,40,reg_Northern_Great_Plains,243,0.08752016723155975
uncorrected,123,8,all_wlc,3078,0.6644430756568909
uncorrected,123,16,all_wlc,3078,0.5685198307037354
uncorrected,123,24,all_wlc,3078,0.49501270055770874
uncorrected,123,32,all_wlc,3078,0.4317781627178192
uncorrected,123,40,all_wlc,3078,0.3644029200077057
uncorrected,123,8,irrigated,554,0.6328573226928711
uncorrected,123,16,irrigated,554,0.4986397922039032
uncorrected,123,24,irrigated,554,0.3937556743621826
uncorrected,123,32,irrigated,554,0.3167010545730591
uncorrected,123,40,irrigated,554,0.25075188279151917
uncorrected,123,8,rainfed,2164,0.6684257388114929
uncorrected,123,16,rainfed,2164,0.5806803107261658
uncorrected,123,24,rainfed,2164,0.5141593813896179
uncorrected,123,32,rainfed,2164,0.4543147683143616
uncorrected,123,40,rainfed,2164,0.3878794312477112
uncorrected,123,8,irr_015_025,193,0.6739064455032349
uncorrected,123,16,irr_015_025,193,0.5593865513801575
uncorrected,123,24,irr_015_025,193,0.4579077959060669
uncorrected,123,32,irr_015_025,193,0.3801824450492859
uncorrected,123,40,irr_015_025,193,0.30679890513420105
uncorrected,123,8,irr_025_050,247,0.6346285939216614
uncorrected,123,16,irr_025_050,247,0.5023666620254517
uncorrected,123,24,irr_025_050,247,0.3946057856082916
uncorrected,123,32,irr_025_050,247,0.32092946767807007
uncorrected,123,40,irr_025_050,247,0.2548072934150696
uncorrected,123,8,irr_050_plus,114,0.5297279357910156
uncorrected,123,16,irr_050_plus,114,0.32898420095443726
uncorrected,123,24,irr_050_plus,114,0.21738803386688232
uncorrected,123,32,irr_050_plus,114,0.12736627459526062
uncorrected,123,40,irr_050_plus,114,0.07824596762657166
uncorrected,123,8,reg_Southern_Great_Plains,268,0.6726436018943787
uncorrected,123,16,reg_Southern_Great_Plains,268,0.5703957676887512
uncorrected,123,24,reg_Southern_Great_Plains,268,0.4749810993671417
uncorrected,123,32,reg_Southern_Great_Plains,268,0.40048789978027344
uncorrected,123,40,reg_Southern_Great_Plains,268,0.3250372111797333
uncorrected,123,8,reg_Northern_Great_Plains,243,0.5625934600830078
uncorrected,123,16,reg_Northern_Great_Plains,243,0.35876762866973877
uncorrected,123,24,reg_Northern_Great_Plains,243,0.2229691445827484
uncorrected,123,32,reg_Northern_Great_Plains,243,0.13627555966377258
uncorrected,123,40,reg_Northern_Great_Plains,243,0.08105930685997009
uncorrected,777,8,all_wlc,3078,0.6520742774009705
uncorrected,777,16,all_wlc,3078,0.5577942728996277
uncorrected,777,24,all_wlc,3078,0.4874521493911743
uncorrected,777,32,all_wlc,3078,0.42431551218032837
uncorrected,777,40,all_wlc,3078,0.36055201292037964
uncorrected,777,8,irrigated,554,0.6189852952957153
uncorrected,777,16,irrigated,554,0.4797965884208679
uncorrected,777,24,irrigated,554,0.3782218098640442
uncorrected,777,32,irrigated,554,0.3070922791957855
uncorrected,777,40,irrigated,554,0.24613609910011292
uncorrected,777,8,rainfed,2164,0.6560751795768738
uncorrected,777,16,rainfed,2164,0.5719397068023682
uncorrected,777,24,rainfed,2164,0.5089336037635803
uncorrected,777,32,rainfed,2164,0.4482680857181549
uncorrected,777,40,rainfed,2164,0.38522768020629883
uncorrected,777,8,irr_015_025,193,0.6604295372962952
uncorrected,777,16,irr_015_025,193,0.5428630113601685
uncorrected,777,24,irr_015_025,193,0.4466511309146881
uncorrected,777,32,irr_015_025,193,0.3689209520816803
uncorrected,777,40,irr_015_025,193,0.3003729581832886
uncorrected,777,8,irr_025_050,247,0.6236909031867981
uncorrected,777,16,irr_025_050,247,0.4858923852443695
uncorrected,777,24,irr_025_050,247,0.38062310218811035
uncorrected,777,32,irr_025_050,247,0.31076109409332275
uncorrected,777,40,irr_025_050,247,0.24731719493865967
uncorrected,777,8,irr_050_plus,114,0.5091410875320435
uncorrected,777,16,irr_050_plus,114,0.3054291903972626
uncorrected,777,24,irr_050_plus,114,0.2009425014257431
uncorrected,777,32,irr_050_plus,114,0.1430692821741104
uncorrected,777,40,irr_050_plus,114,0.10581019520759583
uncorrected,777,8,reg_Southern_Great_Plains,268,0.6668297052383423
uncorrected,777,16,reg_Southern_Great_Plains,268,0.5571399331092834
uncorrected,777,24,reg_Southern_Great_Plains,268,0.4688054323196411
uncorrected,777,32,reg_Southern_Great_Plains,268,0.3885757327079773
uncorrected,777,40,reg_Southern_Great_Plains,268,0.314318984746933
uncorrected,777,8,reg_Northern_Great_Plains,243,0.5442466139793396
uncorrected,777,16,reg_Northern_Great_Plains,243,0.34448570013046265
uncorrected,777,24,reg_Northern_Great_Plains,243,0.21544717252254486
uncorrected,777,32,reg_Northern_Great_Plains,243,0.15556080639362335
uncorrected,777,40,reg_Northern_Great_Plains,243,0.11680091917514801
uncorrected,2024,8,all_wlc,3078,0.6603752970695496
uncorrected,2024,16,all_wlc,3078,0.5708301067352295
uncorrected,2024,24,all_wlc,3078,0.49602827429771423
uncorrected,2024,32,all_wlc,3078,0.42631644010543823
uncorrected,2024,40,all_wlc,3078,0.35199376940727234
uncorrected,2024,8,irrigated,554,0.6326647996902466
uncorrected,2024,16,irrigated,554,0.49931493401527405
uncorrected,2024,24,irrigated,554,0.3927438259124756
uncorrected,2024,32,irrigated,554,0.3073839545249939
uncorrected,2024,40,irrigated,554,0.2244134098291397
uncorrected,2024,8,rainfed,2164,0.6629107594490051
uncorrected,2024,16,rainfed,2164,0.5833517909049988
uncorrected,2024,24,rainfed,2164,0.5154505372047424
uncorrected,2024,32,rainfed,2164,0.44942334294319153
uncorrected,2024,40,rainfed,2164,0.3774418830871582
uncorrected,2024,8,irr_015_025,193,0.6731903553009033
uncorrected,2024,16,irr_015_025,193,0.5593217015266418
uncorrected,2024,24,irr_015_025,193,0.45719677209854126
uncorrected,2024,32,irr_015_025,193,0.37180548906326294
uncorrected,2024,40,irr_015_025,193,0.28328096866607666
uncorrected,2024,8,irr_025_050,247,0.6351338028907776
uncorrected,2024,16,irr_025_050,247,0.5048606991767883
uncorrected,2024,24,irr_025_050,247,0.3945508599281311
uncorrected,2024,32,irr_025_050,247,0.30942302942276
uncorrected,2024,40,irr_025_050,247,0.22457954287528992
uncorrected,2024,8,irr_050_plus,114,0.5290187001228333
uncorrected,2024,16,irr_050_plus,114,0.32861801981925964
uncorrected,2024,24,irr_050_plus,114,0.21742194890975952
uncorrected,2024,32,irr_050_plus,114,0.1277557909488678
uncorrected,2024,40,irr_050_plus,114,0.060030438005924225
uncorrected,2024,8,reg_Southern_Great_Plains,268,0.6735228300094604
uncorrected,2024,16,reg_Southern_Great_Plains,268,0.5731611251831055
uncorrected,2024,24,reg_Southern_Great_Plains,268,0.4779259264469147
uncorrected,2024,32,reg_Southern_Great_Plains,268,0.3917926251888275
uncorrected,2024,40,reg_Southern_Great_Plains,268,0.29959869384765625
uncorrected,2024,8,reg_Northern_Great_Plains,243,0.5588582158088684
uncorrected,2024,16,reg_Northern_Great_Plains,243,0.353255957365036
uncorrected,2024,24,reg_Northern_Great_Plains,243,0.21522676944732666
uncorrected,2024,32,reg_Northern_Great_Plains,243,0.1228848397731781
uncorrected,2024,40,reg_Northern_Great_Plains,243,0.052377864718437195
uncorrected,31337,8,all_wlc,3078,0.6650603413581848
uncorrected,31337,16,all_wlc,3078,0.5744261145591736
uncorrected,31337,24,all_wlc,3078,0.504328191280365
uncorrected,31337,32,all_wlc,3078,0.4424279034137726
uncorrected,31337,40,all_wlc,3078,0.379288911819458
uncorrected,31337,8,irrigated,554,0.6397770047187805
uncorrected,31337,16,irrigated,554,0.5072735548019409
uncorrected,31337,24,irrigated,554,0.40463313460350037
uncorrected,31337,32,irrigated,554,0.3308562636375427
uncorrected,31337,40,irrigated,554,0.26568132638931274
uncorrected,31337,8,rainfed,2164,0.6670660972595215
uncorrected,31337,16,rainfed,2164,0.5857309699058533
uncorrected,31337,24,rainfed,2164,0.5233741402626038
uncorrected,31337,32,rainfed,2164,0.4644988775253296
uncorrected,31337,40,rainfed,2164,0.4027619957923889
uncorrected,31337,8,irr_015_025,193,0.6798025369644165
uncorrected,31337,16,irr_015_025,193,0.5683670043945312
uncorrected,31337,24,irr_015_025,193,0.46882331371307373
uncorrected,31337,32,irr_015_025,193,0.3899605870246887
uncorrected,31337,40,irr_015_025,193,0.3191869258880615
uncorrected,31337,8,irr_025_050,247,0.6423746347427368
uncorrected,31337,16,irr_025_050,247,0.5109370350837708
uncorrected,31337,24,irr_025_050,247,0.4059445261955261
uncorrected,31337,32,irr_025_050,247,0.33563297986984253
uncorrected,31337,40,irr_025_050,247,0.26974552869796753
uncorrected,31337,8,irr_050_plus,114,0.5382096767425537
uncorrected,31337,16,irr_050_plus,114,0.3425881862640381
uncorrected,31337,24,irr_050_plus,114,0.2382449358701706
uncorrected,31337,32,irr_050_plus,114,0.1673516035079956
uncorrected,31337,40,irr_050_plus,114,0.11910169571638107
uncorrected,31337,8,reg_Southern_Great_Plains,268,0.6804160475730896
uncorrected,31337,16,reg_Southern_Great_Plains,268,0.579032301902771
uncorrected,31337,24,reg_Southern_Great_Plains,268,0.48555874824523926
uncorrected,31337,32,reg_Southern_Great_Plains,268,0.4079938232898712
uncorrected,31337,40,reg_Southern_Great_Plains,268,0.332097589969635
uncorrected,31337,8,reg_Northern_Great_Plains,243,0.5671966671943665
uncorrected,31337,16,reg_Northern_Great_Plains,243,0.3681277632713318
uncorrected,31337,24,reg_Northern_Great_Plains,243,0.24062438309192657
uncorrected,31337,32,reg_Northern_Great_Plains,243,0.17115698754787445
uncorrected,31337,40,reg_Northern_Great_Plains,243,0.11718744039535522
uncorrected,7,8,all_wlc,3078,0.6539604663848877
uncorrected,7,16,all_wlc,3078,0.5611863732337952
uncorrected,7,24,all_wlc,3078,0.49680095911026
uncorrected,7,32,all_wlc,3078,0.4363905191421509
uncorrected,7,40,all_wlc,3078,0.3755362033843994
uncorrected,7,8,irrigated,554,0.6220167279243469
uncorrected,7,16,irrigated,554,0.4850693643093109
uncorrected,7,24,irrigated,554,0.3876495957374573
uncorrected,7,32,irrigated,554,0.31429997086524963
uncorrected,7,40,irrigated,554,0.25275564193725586
uncorrected,7,8,rainfed,2164,0.6574985980987549
uncorrected,7,16,rainfed,2164,0.5750354528427124
uncorrected,7,24,rainfed,2164,0.5183799266815186
uncorrected,7,32,rainfed,2164,0.46117159724235535
uncorrected,7,40,rainfed,2164,0.40144863724708557
uncorrected,7,8,irr_015_025,193,0.665654182434082
uncorrected,7,16,irr_015_025,193,0.547518253326416
uncorrected,7,24,irr_015_025,193,0.4515298902988434
uncorrected,7,32,irr_015_025,193,0.37430113554000854
uncorrected,7,40,irr_015_025,193,0.30772191286087036
uncorrected,7,8,irr_025_050,247,0.6243919134140015
uncorrected,7,16,irr_025_050,247,0.49059534072875977
uncorrected,7,24,irr_025_050,247,0.3910024166107178
uncorrected,7,32,irr_025_050,247,0.32126912474632263
uncorrected,7,40,irr_025_050,247,0.2585938572883606
uncorrected,7,8,irr_050_plus,114,0.5130487084388733
uncorrected,7,16,irr_050_plus,114,0.31334131956100464
uncorrected,7,24,irr_050_plus,114,0.21898984909057617
uncorrected,7,32,irr_050_plus,114,0.1445237249135971
uncorrected,7,40,irr_050_plus,114,0.09897346794605255
uncorrected,7,8,reg_Southern_Great_Plains,268,0.6648623943328857
uncorrected,7,16,reg_Southern_Great_Plains,268,0.5561330318450928
uncorrected,7,24,reg_Southern_Great_Plains,268,0.46824851632118225
uncorrected,7,32,reg_Southern_Great_Plains,268,0.393562912940979
uncorrected,7,40,reg_Southern_Great_Plains,268,0.3183930218219757
uncorrected,7,8,reg_Northern_Great_Plains,243,0.545744776725769
uncorrected,7,16,reg_Northern_Great_Plains,243,0.3466970920562744
uncorrected,7,24,reg_Northern_Great_Plains,243,0.2232678234577179
uncorrected,7,32,reg_Northern_Great_Plains,243,0.14595003426074982
uncorrected,7,40,reg_Northern_Great_Plains,243,0.1038779765367508
uncorrected,99,8,all_wlc,3078,0.6594588160514832
uncorrected,99,16,all_wlc,3078,0.5622544884681702
uncorrected,99,24,all_wlc,3078,0.4906601011753082
uncorrected,99,32,all_wlc,3078,0.42407137155532837
uncorrected,99,40,all_wlc,3078,0.35662487149238586
uncorrected,99,8,irrigated,554,0.6257040500640869
uncorrected,99,16,irrigated,554,0.4799562394618988
uncorrected,99,24,irrigated,554,0.3745073974132538
uncorrected,99,32,irrigated,554,0.2970895767211914
uncorrected,99,40,irrigated,554,0.2266114354133606
uncorrected,99,8,rainfed,2164,0.663626492023468
uncorrected,99,16,rainfed,2164,0.5772784948348999
uncorrected,99,24,rainfed,2164,0.5130067467689514
uncorrected,99,32,rainfed,2164,0.4490206837654114
uncorrected,99,40,rainfed,2164,0.3829169273376465
uncorrected,99,8,irr_015_025,193,0.6694852709770203
uncorrected,99,16,irr_015_025,193,0.5426751971244812
uncorrected,99,24,irr_015_025,193,0.4429047405719757
uncorrected,99,32,irr_015_025,193,0.3602931499481201
uncorrected,99,40,irr_015_025,193,0.28561630845069885
uncorrected,99,8,irr_025_050,247,0.6272603869438171
uncorrected,99,16,irr_025_050,247,0.4845014214515686
uncorrected,99,24,irr_025_050,247,0.377506822347641
uncorrected,99,32,irr_025_050,247,0.3039160370826721
uncorrected,99,40,irr_025_050,247,0.2293044477701187
uncorrected,99,8,irr_050_plus,114,0.5158955454826355
uncorrected,99,16,irr_050_plus,114,0.30622193217277527
uncorrected,99,24,irr_050_plus,114,0.18851087987422943
uncorrected,99,32,irr_050_plus,114,0.11219396442174911
uncorrected,99,40,irr_050_plus,114,0.06430738419294357
uncorrected,99,8,reg_Southern_Great_Plains,268,0.6718922853469849
uncorrected,99,16,reg_Southern_Great_Plains,268,0.561478853225708
uncorrected,99,24,reg_Southern_Great_Plains,268,0.472886860370636
uncorrected,99,32,reg_Southern_Great_Plains,268,0.39468705654144287
uncorrected,99,40,reg_Southern_Great_Plains,268,0.3119677007198334
uncorrected,99,8,reg_Northern_Great_Plains,243,0.5472660064697266
uncorrected,99,16,reg_Northern_Great_Plains,243,0.3284687399864197
uncorrected,99,24,reg_Northern_Great_Plains,243,0.18969744443893433
uncorrected,99,32,reg_Northern_Great_Plains,243,0.1114758551120758
uncorrected,99,40,reg_Northern_Great_Plains,243,0.047485873103141785
uncorrected,512,8,all_wlc,3078,0.6656026840209961
uncorrected,512,16,all_wlc,3078,0.5645236968994141
uncorrected,512,24,all_wlc,3078,0.49670782685279846
uncorrected,512,32,all_wlc,3078,0.42648735642433167
uncorrected,512,40,all_wlc,3078,0.3656081259250641
uncorrected,512,8,irrigated,554,0.6332690715789795
uncorrected,512,16,irrigated,554,0.49211233854293823
uncorrected,512,24,irrigated,554,0.3939153254032135
uncorrected,512,32,irrigated,554,0.3116223216056824
uncorrected,512,40,irrigated,554,0.24922886490821838
uncorrected,512,8,rainfed,2164,0.669562041759491
uncorrected,512,16,rainfed,2164,0.5769664645195007
uncorrected,512,24,rainfed,2164,0.5162518620491028
uncorrected,512,32,rainfed,2164,0.4486193060874939
uncorrected,512,40,rainfed,2164,0.3889762759208679
uncorrected,512,8,irr_015_025,193,0.6771911978721619
uncorrected,512,16,irr_015_025,193,0.5543649196624756
uncorrected,512,24,irr_015_025,193,0.4552680552005768
uncorrected,512,32,irr_015_025,193,0.3706648647785187
uncorrected,512,40,irr_015_025,193,0.298249214887619
uncorrected,512,8,irr_025_050,247,0.635880708694458
uncorrected,512,16,irr_025_050,247,0.49731430411338806
uncorrected,512,24,irr_025_050,247,0.3952332139015198
uncorrected,512,32,irr_025_050,247,0.31598585844039917
uncorrected,512,40,irr_025_050,247,0.25108417868614197
uncorrected,512,8,irr_050_plus,114,0.519193172454834
uncorrected,512,16,irr_050_plus,114,0.31284624338150024
uncorrected,512,24,irr_050_plus,114,0.22330941259860992
uncorrected,512,32,irr_050_plus,114,0.132537841796875
uncorrected,512,40,irr_050_plus,114,0.10134726762771606
uncorrected,512,8,reg_Southern_Great_Plains,268,0.6819394826889038
uncorrected,512,16,reg_Southern_Great_Plains,268,0.5692596435546875
uncorrected,512,24,reg_Southern_Great_Plains,268,0.4759337902069092
uncorrected,512,32,reg_Southern_Great_Plains,268,0.398527055978775
uncorrected,512,40,reg_Southern_Great_Plains,268,0.31919053196907043
uncorrected,512,8,reg_Northern_Great_Plains,243,0.5472585558891296
uncorrected,512,16,reg_Northern_Great_Plains,243,0.34146538376808167
uncorrected,512,24,reg_Northern_Great_Plains,243,0.22771456837654114
uncorrected,512,32,reg_Northern_Great_Plains,243,0.12859779596328735
uncorrected,512,40,reg_Northern_Great_Plains,243,0.08872359991073608
uncorrected,1234,8,all_wlc,3078,0.660746693611145
uncorrected,1234,16,all_wlc,3078,0.5637924671173096
uncorrected,1234,24,all_wlc,3078,0.49165064096450806
uncorrected,1234,32,all_wlc,3078,0.4311675429344177
uncorrected,1234,40,all_wlc,3078,0.36547574400901794
uncorrected,1234,8,irrigated,554,0.6241353750228882
uncorrected,1234,16,irrigated,554,0.48549574613571167
uncorrected,1234,24,irrigated,554,0.3826085031032562
uncorrected,1234,32,irrigated,554,0.3152822256088257
uncorrected,1234,40,irrigated,554,0.24734684824943542
uncorrected,1234,8,rainfed,2164,0.6654409766197205
uncorrected,1234,16,rainfed,2164,0.5776054263114929
uncorrected,1234,24,rainfed,2164,0.5125534534454346
uncorrected,1234,32,rainfed,2164,0.45398566126823425
uncorrected,1234,40,rainfed,2164,0.3899240791797638
uncorrected,1234,8,irr_015_025,193,0.6702758073806763
uncorrected,1234,16,irr_015_025,193,0.5519747138023376
uncorrected,1234,24,irr_015_025,193,0.45170560479164124
uncorrected,1234,32,irr_015_025,193,0.3821543753147125
uncorrected,1234,40,irr_015_025,193,0.3062514364719391
uncorrected,1234,8,irr_025_050,247,0.6264811754226685
uncorrected,1234,16,irr_025_050,247,0.4918348789215088
uncorrected,1234,24,irr_025_050,247,0.388669490814209
uncorrected,1234,32,irr_025_050,247,0.3248750865459442
uncorrected,1234,40,irr_025_050,247,0.25576820969581604
uncorrected,1234,8,irr_050_plus,114,0.5109830498695374
uncorrected,1234,16,irr_050_plus,114,0.30576953291893005
uncorrected,1234,24,irr_050_plus,114,0.19571015238761902
uncorrected,1234,32,irr_050_plus,114,0.12134403735399246
uncorrected,1234,40,irr_050_plus,114,0.07799401879310608
uncorrected,1234,8,reg_Southern_Great_Plains,268,0.6711654663085938
uncorrected,1234,16,reg_Southern_Great_Plains,268,0.5693033933639526
uncorrected,1234,24,reg_Southern_Great_Plains,268,0.4805993139743805
uncorrected,1234,32,reg_Southern_Great_Plains,268,0.41416671872138977
uncorrected,1234,40,reg_Southern_Great_Plains,268,0.33875614404678345
uncorrected,1234,8,reg_Northern_Great_Plains,243,0.5435091257095337
uncorrected,1234,16,reg_Northern_Great_Plains,243,0.3285796642303467
uncorrected,1234,24,reg_Northern_Great_Plains,243,0.19179588556289673
uncorrected,1234,32,reg_Northern_Great_Plains,243,0.11874227225780487
uncorrected,1234,40,reg_Northern_Great_Plains,243,0.05774451419711113
uncorrected,4096,8,all_wlc,3078,0.665988564491272
uncorrected,4096,16,all_wlc,3078,0.5680670738220215
uncorrected,4096,24,all_wlc,3078,0.49661028385162354
uncorrected,4096,32,all_wlc,3078,0.43277788162231445
uncorrected,4096,40,all_wlc,3078,0.3714347183704376
uncorrected,4096,8,irrigated,554,0.6368697285652161
uncorrected,4096,16,irrigated,554,0.49605703353881836
uncorrected,4096,24,irrigated,554,0.3933775722980499
uncorrected,4096,32,irrigated,554,0.3178647458553314
uncorrected,4096,40,irrigated,554,0.2560245096683502
uncorrected,4096,8,rainfed,2164,0.6691413521766663
uncorrected,4096,16,rainfed,2164,0.5811054110527039
uncorrected,4096,24,rainfed,2164,0.5168193578720093
uncorrected,4096,32,rainfed,2164,0.4555123448371887
uncorrected,4096,40,rainfed,2164,0.3948677182197571
uncorrected,4096,8,irr_015_025,193,0.6785433292388916
uncorrected,4096,16,irr_015_025,193,0.5568164587020874
uncorrected,4096,24,irr_015_025,193,0.457161009311676
uncorrected,4096,32,irr_015_025,193,0.3806309103965759
uncorrected,4096,40,irr_015_025,193,0.31057029962539673
uncorrected,4096,8,irr_025_050,247,0.6377933621406555
uncorrected,4096,16,irr_025_050,247,0.49842244386672974
uncorrected,4096,24,irr_025_050,247,0.39308038353919983
uncorrected,4096,32,irr_025_050,247,0.3193630576133728
uncorrected,4096,40,irr_025_050,247,0.25601887702941895
uncorrected,4096,8,irr_050_plus,114,0.5366777181625366
uncorrected,4096,16,irr_050_plus,114,0.3348526954650879
uncorrected,4096,24,irr_050_plus,114,0.22993510961532593
uncorrected,4096,32,irr_050_plus,114,0.1461653858423233
uncorrected,4096,40,irr_050_plus,114,0.10644100606441498
uncorrected,4096,8,reg_Southern_Great_Plains,268,0.6782602667808533
uncorrected,4096,16,reg_Southern_Great_Plains,268,0.5684879422187805
uncorrected,4096,24,reg_Southern_Great_Plains,268,0.47573012113571167
uncorrected,4096,32,reg_Southern_Great_Plains,268,0.3988530933856964
uncorrected,4096,40,reg_Southern_Great_Plains,268,0.3247987926006317
uncorrected,4096,8,reg_Northern_Great_Plains,243,0.5678918957710266
uncorrected,4096,16,reg_Northern_Great_Plains,243,0.36512619256973267
uncorrected,4096,24,reg_Northern_Great_Plains,243,0.236159548163414
uncorrected,4096,32,reg_Northern_Great_Plains,243,0.15364083647727966
uncorrected,4096,40,reg_Northern_Great_Plains,243,0.10560381412506104
uncorrected,8191,8,all_wlc,3078,0.6729938387870789
uncorrected,8191,16,all_wlc,3078,0.5692293047904968
uncorrected,8191,24,all_wlc,3078,0.49441656470298767
uncorrected,8191,32,all_wlc,3078,0.4242877960205078
uncorrected,8191,40,all_wlc,3078,0.35902437567710876
uncorrected,8191,8,irrigated,554,0.640160322189331
uncorrected,8191,16,irrigated,554,0.49268028140068054
uncorrected,8191,24,irrigated,554,0.3910300135612488
uncorrected,8191,32,irrigated,554,0.31007638573646545
uncorrected,8191,40,irrigated,554,0.23797176778316498
uncorrected,8191,8,rainfed,2164,0.6772332787513733
uncorrected,8191,16,rainfed,2164,0.5834723114967346
uncorrected,8191,24,rainfed,2164,0.5149492025375366
uncorrected,8191,32,rainfed,2164,0.4475614130496979
uncorrected,8191,40,rainfed,2164,0.38461363315582275
uncorrected,8191,8,irr_015_025,193,0.6839763522148132
uncorrected,8191,16,irr_015_025,193,0.5588040947914124
uncorrected,8191,24,irr_015_025,193,0.4611499011516571
uncorrected,8191,32,irr_015_025,193,0.3776373863220215
uncorrected,8191,40,irr_015_025,193,0.30069535970687866
uncorrected,8191,8,irr_025_050,247,0.6421041488647461
uncorrected,8191,16,irr_025_050,247,0.4975452423095703
uncorrected,8191,24,irr_025_050,247,0.39353320002555847
uncorrected,8191,32,irr_025_050,247,0.312993586063385
uncorrected,8191,40,irr_025_050,247,0.2407255619764328
uncorrected,8191,8,irr_050_plus,114,0.5286853313446045
uncorrected,8191,16,irr_050_plus,114,0.3129831552505493
uncorrected,8191,24,irr_050_plus,114,0.20632462203502655
uncorrected,8191,32,irr_050_plus,114,0.12837913632392883
uncorrected,8191,40,irr_050_plus,114,0.06654722988605499
uncorrected,8191,8,reg_Southern_Great_Plains,268,0.6875919103622437
uncorrected,8191,16,reg_Southern_Great_Plains,268,0.5790011286735535
uncorrected,8191,24,reg_Southern_Great_Plains,268,0.48732608556747437
uncorrected,8191,32,reg_Southern_Great_Plains,268,0.40377292037010193
uncorrected,8191,40,reg_Southern_Great_Plains,268,0.31703969836235046
uncorrected,8191,8,reg_Northern_Great_Plains,243,0.554842472076416
uncorrected,8191,16,reg_Northern_Great_Plains,243,0.33413538336753845
uncorrected,8191,24,reg_Northern_Great_Plains,243,0.21044398844242096
uncorrected,8191,32,reg_Northern_Great_Plains,243,0.13078930974006653
uncorrected,8191,40,reg_Northern_Great_Plains,243,0.07740253955125809
uncorrected,20250,8,all_wlc,3078,0.6690546870231628
uncorrected,20250,16,all_wlc,3078,0.5666790008544922
uncorrected,20250,24,all_wlc,3078,0.496111124753952
uncorrected,20250,32,all_wlc,3078,0.4315132796764374
uncorrected,20250,40,all_wlc,3078,0.3754773736000061
uncorrected,20250,8,irrigated,554,0.6360815763473511
uncorrected,20250,16,irrigated,554,0.48753705620765686
uncorrected,20250,24,irrigated,554,0.38394129276275635
uncorrected,20250,32,irrigated,554,0.3120664060115814
uncorrected,20250,40,irrigated,554,0.258903831243515
uncorrected,20250,8,rainfed,2164,0.6733983159065247
uncorrected,20250,16,rainfed,2164,0.5814799666404724
uncorrected,20250,24,rainfed,2164,0.5186922550201416
uncorrected,20250,32,rainfed,2164,0.4560706913471222
uncorrected,20250,40,rainfed,2164,0.4004783034324646
uncorrected,20250,8,irr_015_025,193,0.6795055270195007
uncorrected,20250,16,irr_015_025,193,0.5528847575187683
uncorrected,20250,24,irr_015_025,193,0.4577956199645996
uncorrected,20250,32,irr_015_025,193,0.38122692704200745
uncorrected,20250,40,irr_015_025,193,0.31370168924331665
uncorrected,20250,8,irr_025_050,247,0.6404205560684204
uncorrected,20250,16,irr_025_050,247,0.49474087357521057
uncorrected,20250,24,irr_025_050,247,0.3877427577972412
uncorrected,20250,32,irr_025_050,247,0.3183339238166809
uncorrected,20250,40,irr_025_050,247,0.26533734798431396
uncorrected,20250,8,irr_050_plus,114,0.5214519500732422
uncorrected,20250,16,irr_050_plus,114,0.3054348826408386
uncorrected,20250,24,irr_050_plus,114,0.18703746795654297
uncorrected,20250,32,irr_050_plus,114,0.1173805296421051
uncorrected,20250,40,irr_050_plus,114,0.09613371640443802
uncorrected,20250,8,reg_Southern_Great_Plains,268,0.6884585022926331
uncorrected,20250,16,reg_Southern_Great_Plains,268,0.5738275051116943
uncorrected,20250,24,reg_Southern_Great_Plains,268,0.4829871356487274
uncorrected,20250,32,reg_Southern_Great_Plains,268,0.4067564010620117
uncorrected,20250,40,reg_Southern_Great_Plains,268,0.33706316351890564
uncorrected,20250,8,reg_Northern_Great_Plains,243,0.5474774837493896
uncorrected,20250,16,reg_Northern_Great_Plains,243,0.32837021350860596
uncorrected,20250,24,reg_Northern_Great_Plains,243,0.19166867434978485
uncorrected,20250,32,reg_Northern_Great_Plains,243,0.12693889439105988
uncorrected,20250,40,reg_Northern_Great_Plains,243,0.08763216435909271
uncorrected,60613,8,all_wlc,3078,0.6529830098152161
uncorrected,60613,16,all_wlc,3078,0.5449612140655518
uncorrected,60613,24,all_wlc,3078,0.46267104148864746
uncorrected,60613,32,all_wlc,3078,0.38770249485969543
uncorrected,60613,40,all_wlc,3078,0.3084893524646759
uncorrected,60613,8,irrigated,554,0.6202514171600342
uncorrected,60613,16,irrigated,554,0.4687446653842926
uncorrected,60613,24,irrigated,554,0.35159480571746826
uncorrected,60613,32,irrigated,554,0.2662360370159149
uncorrected,60613,40,irrigated,554,0.17642566561698914
uncorrected,60613,8,rainfed,2164,0.6569169759750366
uncorrected,60613,16,rainfed,2164,0.5593054890632629
uncorrected,60613,24,rainfed,2164,0.4859869182109833
uncorrected,60613,32,rainfed,2164,0.4146200716495514
uncorrected,60613,40,rainfed,2164,0.3400002121925354
uncorrected,60613,8,irr_015_025,193,0.6652344465255737
uncorrected,60613,16,irr_015_025,193,0.5324461460113525
uncorrected,60613,24,irr_015_025,193,0.422109991312027
uncorrected,60613,32,irr_015_025,193,0.3305719792842865
uncorrected,60613,40,irr_015_025,193,0.23971082270145416
uncorrected,60613,8,irr_025_050,247,0.6221462488174438
uncorrected,60613,16,irr_025_050,247,0.47506365180015564
uncorrected,60613,24,irr_025_050,247,0.3533385992050171
uncorrected,60613,32,irr_025_050,247,0.27005070447921753
uncorrected,60613,40,irr_025_050,247,0.1831706166267395
uncorrected,60613,8,irr_050_plus,114,0.511265754699707
uncorrected,60613,16,irr_050_plus,114,0.2997705340385437
uncorrected,60613,24,irr_050_plus,114,0.1832951456308365
uncorrected,60613,32,irr_050_plus,114,0.10820916295051575
uncorrected,60613,40,irr_050_plus,114,0.022331111133098602
uncorrected,60613,8,reg_Southern_Great_Plains,268,0.6683900356292725
uncorrected,60613,16,reg_Southern_Great_Plains,268,0.5495458245277405
uncorrected,60613,24,reg_Southern_Great_Plains,268,0.4468960464000702
uncorrected,60613,32,reg_Southern_Great_Plains,268,0.35527247190475464
uncorrected,60613,40,reg_Southern_Great_Plains,268,0.2612791955471039
uncorrected,60613,8,reg_Northern_Great_Plains,243,0.5326717495918274
uncorrected,60613,16,reg_Northern_Great_Plains,243,0.31863996386528015
uncorrected,60613,24,reg_Northern_Great_Plains,243,0.17657241225242615
uncorrected,60613,32,reg_Northern_Great_Plains,243,0.1067490428686142
uncorrected,60613,40,reg_Northern_Great_Plains,243,0.03401093930006027
uncorrected,77777,8,all_wlc,3078,0.6629753708839417
uncorrected,77777,16,all_wlc,3078,0.5694374442100525
uncorrected,77777,24,all_wlc,3078,0.4915945529937744
uncorrected,77777,32,all_wlc,3078,0.4188210964202881
uncorrected,77777,40,all_wlc,3078,0.34001386165618896
uncorrected,77777,8,irrigated,554,0.6289581656455994
uncorrected,77777,16,irrigated,554,0.49128401279449463
uncorrected,77777,24,irrigated,554,0.3802492618560791
uncorrected,77777,32,irrigated,554,0.3001116216182709
uncorrected,77777,40,irrigated,554,0.2360628843307495
uncorrected,77777,8,rainfed,2164,0.6671674847602844
uncorrected,77777,16,rainfed,2164,0.5835312008857727
uncorrected,77777,24,rainfed,2164,0.5132449865341187
uncorrected,77777,32,rainfed,2164,0.44322654604911804
uncorrected,77777,40,rainfed,2164,0.3625081777572632
uncorrected,77777,8,irr_015_025,193,0.6733016967773438
uncorrected,77777,16,irr_015_025,193,0.556013286113739
uncorrected,77777,24,irr_015_025,193,0.45561593770980835
uncorrected,77777,32,irr_015_025,193,0.3708224892616272
uncorrected,77777,40,irr_015_025,193,0.28798049688339233
uncorrected,77777,8,irr_025_050,247,0.6302212476730347
uncorrected,77777,16,irr_025_050,247,0.4949076175689697
uncorrected,77777,24,irr_025_050,247,0.3831060528755188
uncorrected,77777,32,irr_025_050,247,0.3014286458492279
uncorrected,77777,40,irr_025_050,247,0.23270493745803833
uncorrected,77777,8,irr_050_plus,114,0.5169209837913513
uncorrected,77777,16,irr_050_plus,114,0.31087714433670044
uncorrected,77777,24,irr_050_plus,114,0.17088887095451355
uncorrected,77777,32,irr_050_plus,114,0.11727506667375565
uncorrected,77777,40,irr_050_plus,114,0.11576296389102936
uncorrected,77777,8,reg_Southern_Great_Plains,268,0.677489161491394
uncorrected,77777,16,reg_Southern_Great_Plains,268,0.5676867961883545
uncorrected,77777,24,reg_Southern_Great_Plains,268,0.4716772139072418
uncorrected,77777,32,reg_Southern_Great_Plains,268,0.38291114568710327
uncorrected,77777,40,reg_Southern_Great_Plains,268,0.29123231768608093
uncorrected,77777,8,reg_Northern_Great_Plains,243,0.5393247604370117
uncorrected,77777,16,reg_Northern_Great_Plains,243,0.34531670808792114
uncorrected,77777,24,reg_Northern_Great_Plains,243,0.20312228798866272
uncorrected,77777,32,reg_Northern_Great_Plains,243,0.14544251561164856
uncorrected,77777,40,reg_Northern_Great_Plains,243,0.13661380112171173
uncorrected,90210,8,all_wlc,3078,0.6531733870506287
uncorrected,90210,16,all_wlc,3078,0.565926730632782
uncorrected,90210,24,all_wlc,3078,0.49476712942123413
uncorrected,90210,32,all_wlc,3078,0.43643754720687866
uncorrected,90210,40,all_wlc,3078,0.3808082342147827
uncorrected,90210,8,irrigated,554,0.6163465976715088
uncorrected,90210,16,irrigated,554,0.49153488874435425
uncorrected,90210,24,irrigated,554,0.388020396232605
uncorrected,90210,32,irrigated,554,0.3187488615512848
uncorrected,90210,40,irrigated,554,0.26444485783576965
uncorrected,90210,8,rainfed,2164,0.6578864455223083
uncorrected,90210,16,rainfed,2164,0.5789200067520142
uncorrected,90210,24,rainfed,2164,0.5152970552444458
uncorrected,90210,32,rainfed,2164,0.4596424996852875
uncorrected,90210,40,rainfed,2164,0.40440815687179565
uncorrected,90210,8,irr_015_025,193,0.6601606607437134
uncorrected,90210,16,irr_015_025,193,0.5545600056648254
uncorrected,90210,24,irr_015_025,193,0.4520387053489685
uncorrected,90210,32,irr_015_025,193,0.37785741686820984
uncorrected,90210,40,irr_015_025,193,0.31755661964416504
uncorrected,90210,8,irr_025_050,247,0.6181808710098267
uncorrected,90210,16,irr_025_050,247,0.49544310569763184
uncorrected,90210,24,irr_025_050,247,0.38911041617393494
uncorrected,90210,32,irr_025_050,247,0.3244478106498718
uncorrected,90210,40,irr_025_050,247,0.2675418257713318
uncorrected,90210,8,irr_050_plus,114,0.5100001096725464
uncorrected,90210,16,irr_050_plus,114,0.32646802067756653
uncorrected,90210,24,irr_050_plus,114,0.22740507125854492
uncorrected,90210,32,irr_050_plus,114,0.15574482083320618
uncorrected,90210,40,irr_050_plus,114,0.12277143448591232
uncorrected,90210,8,reg_Southern_Great_Plains,268,0.660698652267456
uncorrected,90210,16,reg_Southern_Great_Plains,268,0.5671831369400024
uncorrected,90210,24,reg_Southern_Great_Plains,268,0.469016969203949
uncorrected,90210,32,reg_Southern_Great_Plains,268,0.3985690474510193
uncorrected,90210,40,reg_Southern_Great_Plains,268,0.3291372060775757
uncorrected,90210,8,reg_Northern_Great_Plains,243,0.5394055247306824
uncorrected,90210,16,reg_Northern_Great_Plains,243,0.35276657342910767
uncorrected,90210,24,reg_Northern_Great_Plains,243,0.22827552258968353
uncorrected,90210,32,reg_Northern_Great_Plains,243,0.16178558766841888
uncorrected,90210,40,reg_Northern_Great_Plains,243,0.11651326715946198
